{"cameraMode":{"drawMode":0,"name":"Shaded","section":"Shading Mode"},"sceneLighting":true,"audioPlay":false,"sceneViewState":{"showFog":true,"showMaterialUpdate":true,"showSkybox":false,"showFlares":true,"showImageEffects":true,"showParticleSystems":true},"in2DMode":false,"pivot":{"x":-1.5519933700561524,"y":0.5,"z":2.8259987831115724},"rotation":{"x":-0.05718743056058884,"y":-0.05627935379743576,"z":0.003224627347663045,"w":-0.9967707395553589},"size":3.457883596420288,"orthographic":false}