{"cameraMode":{"drawMode":0,"name":"Shaded","section":"Shading Mode"},"sceneLighting":true,"audioPlay":false,"sceneViewState":{"showFog":true,"showMaterialUpdate":true,"showSkybox":true,"showFlares":true,"showImageEffects":true,"showParticleSystems":true},"in2DMode":false,"pivot":{"x":73.73994445800781,"y":12.326857566833496,"z":3.7342185974121095},"rotation":{"x":0.13456681370735169,"y":0.37821435928344729,"z":-0.054814599454402927,"w":0.9142434597015381},"size":48.848236083984378,"orthographic":false}