{"cameraMode":{"drawMode":0,"name":"Shaded","section":"Shading Mode"},"sceneLighting":false,"audioPlay":false,"sceneViewState":{"showFog":true,"showMaterialUpdate":true,"showSkybox":false,"showFlares":true,"showImageEffects":true,"showParticleSystems":true},"in2DMode":false,"pivot":{"x":-12.05401611328125,"y":0.6655960083007813,"z":17.995914459228517},"rotation":{"x":0.06477498263120651,"y":0.010839132592082024,"z":0.000043847619963344187,"w":0.9978410601615906},"size":19.52623748779297,"orthographic":false}